PPT CODE,DEPOT SKU,DEPOT DESC,COUNT
112,76069502180760919,BOWL LUAU 2QT CLR - Bowl Luau Clear 2qt,18
600,70728223832760011,SCT 0121 J TRAY STADIUM TRAY 10X10X3 ,200
1069,016194053872180050,PACTIV Y76830 1.5LB OBLONG PAN - 1 1/2 LB OBLONG IVCF,400
2440,7.87879E+15,PAP 24I RL KRAFT,1
4931,760695009742070123,QUALITE HOT CUP LIDS TK8 FOLD BACK 1000/CS,1000
7534,7606950069723075,SUNSET cushion FOIL SANDWICH/SUB WRAP 14iX16i,1000
10824,0000005291852918,POLY BAG 10X8X24,500
12320,081391901922160035,CLEAR BOWL 320Z - PrepServe 320oz PET Bowl,25
51320,081391901892160036,LID 320Z BOWLS LID 16I 320Z BOWLS,25
811002,760695030941160160,FOIL CUSHION 10X14 5/500,2500
012HD,0795944896023395,BAGS #12 BRN HUSKY 1CT,500
01SO,0795944894111471,BROWN PAPER BAG 1LB 16/500CT,500
02SO,0795944894311472,BRWN PAPER BAG 2LB 500 CT,500
03SO,0795944894511473,BAG BR 3LB 500 CT,500
03W,0795944894616792,BAG WHT 3LB 500 CT - 3# GROC 30# WH PK500,500
04SO,0795944894711479,PAPER BAG BROWN #4 ,500
04W,0795944894823469,PAPER BAG WHITE #4 500CT - 4# GROC 30# WH PK500,500
050FD,70728250409760042,1/2# FOOD TRAY SCT 0409 PAPER FOOD TRAY #100,1000
05SO,0795944894919401,PAPER BAG BROWN 500 CT 5LB,500
05W,0795944895012174,WHITE PAPER BAG 500 CT 5LB - 5# GROC 35# WH PK500,500
06SO,0795944895119402,6# BRN BAG #13601 500,500
06W,0795944895223470,PAPER BAG White#6 - 6# GROC 35# WH PK500,500
08SO,0795944895319403,PAPER BAG BROWN #8 ,500
08W,0795944895425808,PAPER BAG White #8 ,500
1/2F,721970003601160075,BAG FOIL 1/2 GAL 500 CT - Bag Carry Out Foil Lined Printed,500
1/6,0795944898019414,PAPER BAG BROWN LB1/6 57LB - PLAIN 1/6,500
1/6BAG,760695030503090012,BAG PL 1/6 TYR 13 MIC,500
1/8,0795944898619413,KRAFT SACK 1/8,500
½#GLASS,7219700010453198,FISCHER PAPER 1/2 LB GLASSINE BAG - FISCHER PAPER 1000ct,1000
100PB,0412108019752853,R3 PAPER SOUFFLE CUP 1Z 250 – 1.00,5000
100PC,04159439382761477,SOLO CUP P100N 1Z PLASTIC SOUFFLE CUP,2500
10102CB,7072820097130022,CAKE BOX 10*10*3 200CT,200
10102CLAY,6071601010252917,PIZZA BOX 10x10x2 clay 100ct,100
10102SPB,0000005291652916,BOX PIZZA 10X2 50C 50 CT,50
10103CB,7072820097130022,CAKE BOX 10*10*3 200CT,200
10105CB,7072820097730013,CAKE BOX 10*10*5-1/2,100
101F,760695025401140290,SUNSET RD10CL72 SALAD PLASTIC CATER FORK BLACK,72
102,760695019162280097,NAPKIN TALLFOLD QUALITE 8000CT 7X13 DISPENSER NAP,8000
102S,760695012721140091,SUNSET 102QC PLASTIC CATER SPOON CLEAR,144
1046,01619405619760663,CONT ALUM 1LB 1200,1200
1059,016194053862180051,PACTIV Y78830 2.25 LB ALUM OBLONG Y7883,500
1069,016194053872180050,PACTIV Y76830 1.5LB OBLONG PAN ,500
10CATC,752830334002570368,FOIL CTR CIRCLE 10 ,100
10CPWF,0415942065453216,"DART 10CPWF 10"" 3CPT PLAS PLATE WHITE",500
10FTL,0415942013654075,DART 10FTL LIFT/LOCK LID FOR 10 OZ FOAM ,1000
10HOT,760695009782070145,QUALITE CUP HOT WIND 10Z 1000CT,1000
10IC,0000005322453224,PLASTIC ICE BAGS 10LB 8X4X22 – 8x4x21.5,1000
10KY10,0415942006220008,DART 10Z FOAM CUP 1000CT,1000
10PWCR,0415948697910630,PLTE FM 10 WHT - 10 IN UNLAMIN PLATE,500
10PWF,0415942065353214,"DART 10PWF PLASTIC PLATE WHITE 10"" ",500
10PWF,0415942065353214,"DART 10PWF PLASTIC PLATE WHITE 10""",500
10SK,0722881107555347,"10"" WOOD SKEWER R818 XHVY",3000
10SO,0795944895619404,PAPER BAG BRWN 4/500 CT 10LB,500
10STR,760695022451140237 ,QUALITE STRAWS 4/300 10 1/4 SMOOTHIE/SHAKES,1200
10VOTIVE,0766424010550330,FOOD WARMER CANDLES 10 HR 2GROSS,288
10W,0795944895723472,WHITE PAPER BAG 500 CT 10LB,500
10WTC,0000005293352933,CAKE CIRCLES 10I ,250
10WTC,0000005293352933,CAKE CIRCLES 10I ,250
118,760695009501140059,QUALITE 400CT STRAWS WRAPPED FLEX 7.75i,9600
11PRWF,0415942065553220,"DART 11PRWF 4/125 CS 11"" WHITE PLASTIC ",500
12122CLAY,6071601212252920,CLAY PIZZA BOX 12I 100/BUNDLE - PIZZA 12X12X1-7/8,100
12125CB,7072820098730024,CAKE BOX 12X12X5 100CT,100
1212SSPB,0000005291952919,"PIZZA BOX CORRUGATED 12"" 12"" – 54911",50
1215DW,7878790003752884,NUPARCH DRY WAX SHEET 12X15,50
1215WET,7878790003222377,DELWRAP WET WAX SHEET 12*15,50
1217M,0279010061127810,STANDARD 611 ROLL FOIL 12X1000 12I,1
1220PR,76293501653760614,ROLL PRODUCE BAGS 12X20 8 MIC 4 ROLLS 1CS ,4000
12830M,0000005292152921,POLY BAG 12*8*30,500
12BWWCR,0415948697110618,BOWL FM WHITE 12Z ,1000
12BWWF,0415942064753223,DART 12BWWF 12Z PLASTIC BOWL WHT,1000
12FILM,760695010501160018,"SUNSET WRAP 30550217 35G 12""X2000 FILM ROLL",1
12FL,0161941069559362,PACTIV 451212A 12I ALM CATER ,50
12FTL,0415942013154076,DART 12FTL LIFT/LOCK 12Z LID FOAM CUP,1000
12GOLD,752830334102570369,12I GOLD CATER CAKECIRCLE ,100
12HDLC,0415942017555115,LID PLAST H/DOME 12HDLC,1000
12J12,0415942000920009,DART 12J12 12Z FOAM CUP 1000CT ,1000
12J16,0415942007120015,DART 12J16 12Z FOAM WHITE CUP 1000CT,1000
12JL,0415942001410903,DART 12JL VENTED LID 1000/CS,1000
12LX16H,0415941502255120,DART 12/16Z IMPULSE FOAM CUP,1000
12SJ20,0415942009150422,DART 12SJ20 12Z FOAM SQUAT CUP ,500
12SO,0795944895819405,PAPER BAG BROWN #12,500
12W,0795944895923906,PAPER BAG White #12 - 12# GROC 40# WH PK500,500
12WTC,0000005293452934,"CAKE CIRCLE 12"" WHITE TOP 250CT ",250
12X16G,0415942306155073,DART 12X16G FOAM CAFE CUP ,1000
12X2000,0284070001214429,"BORDEN PVC FILM WRAP 12X2000"" ",1
14142CLAY,6.0716E+15,CLAY PIZZA BOX 14I 100CT,100
14142SPB,0000005292230819,BOX PIZZA 14X2 50 CT ,50
14145CB,7072820099130025,CAKE BOX 14X14X5 50 CT ,50
1418DRY,760695017602170038,QUALITE SUB WAX 14IX18I BULK 38 LBS ,1
1460,0795944897619415,BAG BARREL BAGEL ,250
14GOLD,707282016252160002,FOIL CTR CRCL 14I - GOLD CAKE CIRCLE 14 100/CS,100
14J16,0415942007320007,DART 14J16 116Z FOAM CUP ,1000
15-160,018291007822680161,NATIONAL CHECKING 55FT REG ROLL 2.25 THERM BULK,50
15DEL,7.87879E+15,WAX DELWRAP 15IRL,1
15FREEZER,7606950157352909,FREEZER PAPER 15I WHITE - White freezer paper 15in,1
15MG,760695015711130004,ZZPAP 15I RL MG - Paper Roll 15 MG,1
15MICA,7.87879E+15,MICA PAPER ROLL 15”,1
15RP,760695015751130010,PAP 15I RL PEACH - Paper Roll 15 Butcher Peach,1
160B,0654980850059383,METRO PAPER COCKTAIL NAPKIN 4000CT ,4000
16162CPB,0540363082130821,"PIZZA BOX 16""CORRUGATED",50
16162CPB,0000005292430820,PIZZA BOX 16X16 CORRUGATED 50CT,50
16165CB,7072820099530026,CAKE BOX 16*16*5 50CT,50
16COLD,760695009732070120,PAPER COLD CUP 16Z WIND 600/CS ,1000
16EL,0415942011355077,DART 16EL CAPUCCINO LID FOR 16 OZ FOAM,1000
16FL,0161942063459363,PACTIV 451612A 16I ALM CATER ,50
16FTLS,0415942009954121,DART 16FTLS LIFT & LOCK LID FOR 16 OZ FOAM CUP 1M,1000
16HOT,760695009802070107,QUALITE CUP HOT WIND 16Z 1000CT,1000
16LX16H,0415941506255117,DART 1000 CUP FOAM 16 OZ IMPULSE,1000
16MJ20,0415942009250423,DART 16MJ20 16Z FOAM SQUAT CUP ,500
16RCL,0415943318659653,DART 16RCL FOAM LID – RECLOSABLE,1000
16SL,0415942001554093,DART SLOT LID 16SL FOR 16 OZ FOAM CUP,1000
16SO,0795944896119407,PAPER BAG BROWN #16,500
16W,0795944896250291,WHITE BAG 16LB 500 COUNT - 16# GROC 40# WH PK500,500
16X16G,0415941821555074,CUP FOAM 16X16G 16Z,1000
16XHDW,76069501223760204,PLASTIC T-SACKS 15MIC 1/6 SIZE SMILEFACE 500CS,500
18182SPB,0000005292752927,"PIZZA BOX CORRUGATED 18"" 18"" - 54915 ",50
1851,0279010062027718,REYNOLDS 620 HEAVY DUTY ROLL FOIL 12X500,1
1851M,0279010061421462,STANDARD 614 ROLL FOIL 18X500 18I,1
18FILM,760695010511160019,SUNSET FILM 18X2000,1
18FL,0161941069859364,PACTIV 451812A 18I ALM CATER ,50
18FR,7606950157452910,FREEZER PAPER 18I WHITE,1
18WTC,0000005294152937,CAKE CIRCLE 18I WT 125CT ,125
18X2000,0284070001714430,SEAL WRAP PVC 40G FILM 18X2000 - FILM 18X2000,1
191,0182918722559470,"7225-80SP THERMAL ROLL 2.25""W 80",48
1FD,70728250413760041,1# FOOD TRAY #0413 PAPER FOOD TRAY #100,1000
1PG,074506101002070384,CUP PL 1Z SHOT ,2500
200PB,0412108020452857,CUP PAP SOUF 2Z 48 - 200-2050 SOUFFLE CUP WAXED ,5000
200PC,0415943938553185,CUP PL SOUF 2Z - Solo Cup 2500/case,2500
200PCBLK,0415943940418978,CUP PL SOUF 2Z BLK - CUP PLastic SOUFfle 2Z black ,2500
200PCL,041594074542660160,LID PL SOUF 1.5Z2Z PL200N 20 in a Case,2500
205HT1 ,01619409490760644,TRAY FM CHIC 205 - SUNSET ,150
206HT1,01619405468760642,PACTIV YTH10206 SHALLOW FOAM HINGD CONT 9X6X1.5,150
20HDLC,0415942013753036,DART 20HDLC DOME LID 8-20Z BWL ,1000
20J16,0415942007520075,DART 20J16 20Z FOAM CUP 500CT,500
20JL,0415942005911516,DART 20JL VENTED LID FOR 20 OZ FOAM FOOD,500
20LX16H,0415941518655119,DART 500 CUP FOAM 20 OX IMPULSE,500
20RL,0415942013854078,DART FOAM #20RL VENTED LIDS 500CT 500,500
20SO,0795944896419409,PAPER BAG BRWN 500 CT 20LB BUNDLE – 20#,500
20SOQ,0795948006623397,BAGS #20 BRN SHRTY ,500
20W,0795944896624615,BAGS #20 WHITE - 20# GROC 40# WH PK500,500
20X16G,0415941875155083,CUP FOAM 20X16G,500
21215,0279010072028449,REYNOLDS 720 10X12 FOIL SHEETS,12
221658H,7.60695E+15,ZZLINER55G58IHVY - liner 55 gal black HD,100
24-SQUEEZE,7606950110665406,SQUEEZEOUT 24Z CLEAR WIDE MOUTH,6
24FILM,0284070001930618,"AEP 24""X2000' FILM",1
24J16,0415942441738514,DART #24J16 500CT 24Z FOAM CUP ,500
24MJ48,0415942009420079,DART 24Z SQUAT CONTAINER 500CT ,500
24PLYC,0000005529755297,TWINE 24PLY 25 ROLLS 500 YDS PER CONE,1
24SBJC,76069502886761492,SUNSET BRANDS 24Z SALAD BOWL COMBO,150
24SL05,0415942006054082,DART 24SL05 LID 500 CASE 500CT,500
25SO,0795944896919411,BROWN PAPER BAG 25LB 500CT. BUNDLE,500
266,016194083612160076,"PACTIV FOAM 0TH1X27000Y 13"" HNG HERO",250
2FD,70728250417760044,2# FOOD TRAY #0417 PAPER FOOD TRAY #200 2LB,1000
2PLYNAP,7606950256771549,SUNSET DINNER NAPKIN 2 PLY 3000/CS,3000
2SWHITE,0217257403823945,PACTIV TF1-02SO 500CT 2S WHITE FOAM MEAT TRAY,500
316BISTRO,094297715732070101,CUP HOT SOHO 16Z 50 CT,600
32-SQUEEZE,7606950110965407,SQUEEZEOUT 32Z CLEAR WIDE MOUTH,6
325PC,0415943939053187,CUP PL SOUF 3.25 2 - CUP Plastic SOUFfle 3.25z ,2500
32AC,760695030632071076,SUNSET BRANDS 12/25 CLEAR CUPS 32Z 12 in a Case,300
32COLD,094297715632070117,IP DMR-32 RD WIND 500CT 32OZ ,480
32M,7606950051950843,O CEDAR MOP COTTON lb32 - #32 ,1
32SL,0415942006133698,DART 32SL 500CT FOAM LID SLOTTED 32-44Z,500
32TJ32,0415942007720077,DART 32TJ32 32Z FOAM CUP 500CT ,500
3390B,760695012701140094,QLT 208QB BLK HVY TONGS PLASTIC 9I HVY 208QB,72
35BWWC,0415941414551340,DART 35BWWC FOAM BOWL 3 1/2Z 3.5Z,1000
374SBIS,094297726452070127,IP SMR4 SOHO 4Z PAPER HOT 1000CT,1000
378BISTRO,094297726142070096,IP SMR8 SOHO 8OZ PPR HOT 1000CT,1000
3FD,70728250425760039,3# FOOD TRAY SCT# 0425 PAPER FOOD TRAY #300 3LB,500
400PC,0415943939853189,CUP PL SOUF 4Z - CUP Plastic SOUFfle 4z,2500
400PCBLK,0415943941029021,CUP PL SOUF 4Z BLK ,2500
40100B,0963966530355409,TBLCVR PL 40X100BU BLUE,1
40100R,0963966532255411,TBLCVRPL 40X100RED,1
4043,073525901702280055,ZZNAP WHT 16X16 LI - Towel Buffet 12 in a Case,1000
40C,791825240241160152,CELLO ROLL 40X100 CLEAR 25 in a Case,1
40CONF,791825160571160158,CELLO ROLL 40X100 CONFETTI ,1
412BISTRO,0942977157228911,INTERNATIONAL PAPER CUP HOT SOHO 12Z,600
420BISTRO,094297745332070102,INTERNATIONAL PAPER CUP HOT SOHO 20Z ,500
4212,0000005292833016,F0612RC POLY BAG 4*2*12,1000
428,0000005292952929,BAG POLY 4X2X8 ,1000
4413,760695009862070116,COLD CUP LID SLOTTED 16Z 20Z 24Z 1000 CT,1000
44MM,0182918144159290,REGISTER TAPE 44MM ,50
44MM-THML,018291074412680045,7441SP THERMAL ROLL 44MM W X 230,50
44TJ32,0415942007820078,DART 44TJ32 44 OZ. FOAM CUP 300CT,300
471,01619405925760753,PACTIV Y7021-45 ALUM PAN 4LB OBLONG,150
4829,078701002001180130,PUTNEY 4000/CS MULTIFOLD TOWELS WHITE,4000
4J4,0415942009719013,DART 4J4 4Z WHITE FOAM CUP 1000CT,1000
4J6,0415942008650426,DART 4J6 4Z FOAM CUP 1000CT - 4 OZ SQUAT ,1000
4JL,0415942016950447,DART 4JL LIDS VENTED - TRANSLUCENT LID VENT,1000
50HT1,0415942294159644,DART 50HT1 500CT FOAM HINGED CONTAINER 5I,500
510BISTRO,094297726132070126,IP SMM10 SOHO SQUAT 10Z PPR HOT 1000CT,1000
5318MG,7219700043653211,BREAD BAG ITALIAN #BB-31 5X3X18 ,1000
54108BLK,073525818272650006,TBLCVR PL BLACK 54X108 ATLANTIS AEP,24
54108HG,0735258183555392,TBLCVR PL GREEN 54X108 ATLANTIS AEP,24
54108R,096396621222650039,TABLECOVR POLY 54X108 RED ATLANTIS AEP 54X108,12
550PC,041594394002070149,CUP PL SOUF 5.5Z - Cup Plastic Souffle 5.5z,2500
570,01619405620760662,PACTIV Y52725 7I ROUND ALUM PANS,300
580,01619405828760754,PACTIV Y558-30 ALUMINUM PAN 8I ROUND,300
590,01619405192760559,PACTIV Y509-30 9I ROUND ALUM PANS 300 PK,300
5BWWC,0415941904210617,DART 5Z UNLAM FOAM BOWL 1000CT,1000
5BWWF,0415942063553267,DART 5BWWF 5Z PLASTIC BOWL WHITE ,1000
5FD,70728250429760040,SOUTHERN CHAMPION #500 FOOD TRAY,500
5LD,061666000462670016,LAPACO 102-105 5I LACE DOILIE,1000
5LINEN,061666100512670024,DOILIE 5I LINEN 5in ,1000
60HT1,0415942294259655,DART FOAM HINGED CONT 6I 60HT1,500
610155,081391934151170325,YOSHI GLIMMER WARE 7.75IN SILVER FORKS,900
610TS,760695030582071078,SUNSET BRANDS 10/100 CLEAR SLOT LIDS 10Z 10 in a Case,1000
620155,081391934171170327,YOSHI GLIMMER 6IN HVY TEASPOON SILVER,900
626TS,760695030572071079,SUNSET BRANDS 10/100 CLEAR SLOT LIDS 16/20/24Z ,1000
630155,081391934161170326,YOSHI GLIMMER WARE XHVY 7.75I SILVR KNIVES ,900
6315,0000005293033013,POLY BAG 6X3X15 RD615R,1000
642CB,7072820090330015,CAKE BOX 6*4.5*2.75 250CT,250
662CB,7072820090130005,CAKE BOX 6*6*2.5 250CT ,250
662TS,760695030592071077,SUNSET BRANDS 10/100 CLEAR SLOT LIDS 9/12Z 10 in a Case,1000
6J6,0415942000620006,DART 6J6 6Z FOAM WHITE CUP 1000CT,1000
6JL,0415942003110509,DART VENTED LID 6JL FOR 6 OZ FOAM CUP,1000
6LD,061666100452670017,LAPACO 102-106 6I LACE DOILIE,1000
6LINEN,061666100522670025,LAPACO 103-106 6I LINEN DOILIE,1000
6PLATE,054790001211170138,PAPER PLATES 6I 1000/CS SHALLOW ,1000
6PWCR,0415948696910621,PLTE FM 6IN WHT - 6 IN UNLAM FOAM PLATE,1000
6PWF,0415942064853241,"DART 6PWF PLASTIC PLATE WHITE 6""",1000
6PWF,0415942064853241,"DART 6PWF PLASTIC PLATE WHITE 6"" ",1000
6SJ12,0415942008750453,DART 6SJ12 6Z FOAM SQUAT CUP 1000CT,1000
72HT1,0415942294759643,DART 72HT1 FOAM HOT DOG CONT ,500
773CB,7072820091730007,CAKE BOX 7*7*3 250CT,250
7PWCR,0415949036510623,PLTE FM 7IN WHT - 7 IN WHITE UNLAMIN FOAM PLATE,1000
7PWF,0415942064953246,"DART 7PWF PLASTIC PLATE WHITE 7""",1000
7PWF,0415942064953246,"DART 7PWF PLASTIC PLATE WHITE 7"" ",1000
80HT3,01619404851760487,SMARTLOK 7I 3 COMPT PACTIV,150
8418,0000005293233012,F1218LC POLY BAG 8*4*18,1000
8418,0000005293233012,F1218LC POLY BAG 8*4*18,1000
85HT1R,01619404852760481,PACTIV SMTLOK YHLW0801 FOAM HNGED TRAY 8X8,150
85HT3,01619404855760482,PACTIV SMARTLOK YHLW0803 FOAM HINGD TRAY 8X8 3COMP,150
883CB,7072820093730017,SOUTHERN CHAMP CAKE BOX 8*8*3 250CT,250
884CB,7072820094130009,CAKE BOX 8*8*4 250CT,250
885CB,7072820945559941,BOX CAKE 8X8X5 100 C1,100
8FTL,0415942013054074,DART 8FTL LIFT/LOCK LID FOR 8 OZ FOAM CUP,1000
8HOT,760695009772070137,QUALITE CUP HOT WIND 8Z 1000CT ,1000
8J8,0415942000710490,DART 8J8 8Z FOAM CUP 1000CT,1000
8SJ20,0415942008950427,DART 8SJ20 FOAM SQUAT CONTAINER 8Z,1000
8SJ20,0415942008950427,DART 8SJ20 FOAM SQUAT CONTAINER 8Z,1000
8STR,760695028961140345,STRAW WRAP 7 3/4 QUALIT - Straw Wrapped 7.75 24 in a Case,9600
9019,01619405762760677,ALUM ROAST LG OVAL,25
90HTPF1R,01619404856760843,PACTIV SMTLK YHLW0901 FOAM HINGED TRAY 9X9,150
90HTPF3R,01619404859760484,PACTIV SMARTLOK YHLW0903 FOAM HINGD TRAY 9X9 3COMP,150
912WET,7878790012522378,NORPAK 9X12 DELWRAP SHEETS,50
919KC37,0182918000150751,CHECK KC100DUP 50,50
92320,081391921922160037,BLACK BOWL 320Z,25
9269TPA,01619405522760664,ALUM 3CP COMBO,250
94602,0198009460255125,ZIPLOC GALLON SIZE - 94602 ZIPLOCK GAL STORAGE BAG,250
946SW,0182918946050732,CHECK 946 2PART LS 1.0 - ,2000
95L,760695008751140045,WRAPPED CUTLERY 5 PIECE FORK/KNIFE/NAP/SALT/PEPP,250
9812K,0161949976859238,TRAY PLST BK 9812K 1 CT,50
9816K,0161940683653001,"PACTIV 9816K SMARTLOK 16"" BLACK FLAT CATER TRAY",50
9818K,016194998343110040,"PACTIV 9818K SMARTLOCK 18"" BLACK FLAT CATER TRAY",50
9918K,0161949983559353,ZZTRAY CAT 18SMLK 6 - TRAY PLST 18 LAZY SUSAN,50
993CB,7072820095730020,CAKE BOX 9X9X3,250
995CB,7072820096530021,CAKE BOX 9*9*5 100 CT,100
99HT1,0415949172359645,CONT FOAM HINGED HOAGIE DART 99HT1 500CS 9X5,500
9COATED,760695018451170225,"SUNSET COATED PLATES PAPER 9"" 1000/CS",1000
9CPWC,0415948697310629,"DART 9CPWC WHITE FOAM PLATE 9"" 3CPT UNLAM ",500
9CPWF,0415942065153249,"DART 9CPWF PLAS PLATE WHT 3CPT 9"" ",500
9PLATE,0769556910223420,PLATE PAPER 9in 100 C1,1000
9PWCR,0415948697510625,"UNLAMINATED FOAM PLATE 9"" - 9 IN UNLAMIN PLATE",500
9PWF,0415942065053253,"DART 9PWF PLASTIC PLATE WHITE 9""",500
9PWQR,0415948662010638,PLTE FM9I LAM WHT 9PWQ,500
AJAX,351101427833148,AJAX POWDER 21Z - 14278 21-OZ AJAX CLEANSER,24
ANGLER,7606950153140073,SKYLINE LG ANGLE BROOM BLACK FIBER METAL HANDLE,1
B101F,760695025381140291,SUNSET RD101BK72 HEAVY PLASTIC CATER FORK BLACK,72
B102S,760695012691140092,SUNSET 102QB SALAD PLASTIC CATER SPOONS BLK ,144
B120,74938410022760093,TRAY PLST BK 12IN 5 CT,30
B120+712DM,7606950218254477,TRAY CAT PL 12I COMBO,12
B12LS,0161949976759349,ZZCAT TRAY PL12ISM 6 - TRAY; PLST 12 LAZY SUSAN,12
B160+716DM,7606950218354478,TRAY CAT PL 16I COMBO,12
B180+718DM,7606950218454479,TRAY CAT PL 18I COMBO,12
B24SB,04159480501761006,DART B24SB PRO BOWL 24Z BLACK SQ POLYPRO,252
B32SB,04159480502761005 ,BOWL SQ BLK PP 252CT - PRESENTABOWLS PRO,252
BELLA,0654983010059365,METRO PAPER CHALET 3000CT DINNER NAPKIN WHITE 2PLY,3000
BEV NAP-BLK,0735250318443507,NAPKIN BEVERAGE BLACK 10X10 2 PLY,1000
BH38,7.60695E+15,SKYLINE TOTAL EXTRA STRENGTH DEGREASER,4
BIOPAK1-B,76069502957761355,SUNSET #1 #TTGCK1 450CT TAKE-OUT CONTAINER KRAFT,450
BIOPAK2-B,76069502958761354,C-FOLD TOWELS QUALITE 2400/CS,200
BIOPAK3-B,76069502961761351,TO-GO 200CT TAKE OUT CONTAINER KRAFT (#3),200
BIOPAK8-B,76069502961761351,TO-GO 300CT TAKE OUT CONTAINER KRAFT,300
BONITA,760695014972230037,PRIMOROSA MUL CLEA - Lavender Cleaner 4 in a Case,4
BPD,7.60695E+15,SKYLINE PINE GAL PINE DEODERIZING CLEANER,4
BRILLO,072288110612310020,SOAP PAD 4X3.25 HOTEL,12
BRT96505,061328057801180086,TT 2PLY 80 ROLL,80
BT9,760695012701140094,QLT 208QB BLK HVY TONGS PLASTIC 9I HVY 208QB,72
BTUBLACK,76069501225760202,PLASTIC T-SACKS 22 MIC 1/6SIZE BLACK 500/CS,500
BUCKET/WRINGER,760695025981120222,SKYLINE MOP BUCKET AND WRINGER,1
BUTANE,0769034006260593,BUTANE FUEL 8Z CANS 3 4PACKS PER CASE,12
C12DCPR,0415942705711171,DART C12DCPR CLEAR CONT W/LID 12Z,250
C16DCPRW,0415942705811172,DART C16DCPR CLEAR CONT W/LID 16Z – CLEARPAC,250
C2464BDL,04159480506761014,XLID CLR SQ BOWL C2464B,252
C24DCPR,0415942705911173 ,DART 24Z CLR CONT W/LID 250CT,250
C45,7.60695E+15,ZZLINER40G40*46CLR - liner 40 gal clear,100
C48BCD,0415942666959419,BOWL PL COM/C48BCD – PRESENTABOWL,126
C53PST1,01619404938760492,PACTIV YCI81050 375CT CLEAR HINGED 5X5X2.5,375
C57PST1,0161940482451557,PL HINGD 6X6 SMLK YCI816 - 6 SANDWICH HL-SMARTLOCK,500
C89PST1,0415945145925423,CONT HNG CLC89PST1 250CT HINGED LID CLEAR,250
C8DCP,0415942705611170,DART 8Z CLR CONT W/LID 250CT - CLEARPAC 8 OZ,250
C90PST1,01619405030760538,PACTIV YCI81120 8X8 200CT CLEAR HINGED CONTAINER,200
C90PST3,01619405031760558,CONT HNG CL 3 COMP YC8112 - 3 COMP,200
CAPTAIN50,0182918110050741,CHECK 110SWC DELV ,50
CB6050,642281215132570163,BX CATER LG TOTE - Box Catering Tote Large,25
CF,0722888126621587,"ROYAL PAPER R812W 4"" TOOTHPICK FRILLS CLUB",10000
CH12DEF,0444742341256942,CLEAR PET HINGED 12Z CONTAINER 200/CT CS12,200
CH16DEF,0444743451656943,CONT CLR HNG 16Z CS16,200
CH24DEF,0444744562456944,CONT CLR HNG 24Z CS24,200
CH32DEF,0444745673256945,CONT CLR HNG 32Z 32Z,200
CH8DEF,0444741230856941,CONT CLR HNG 8Z CS08,200
CITRI-KLEEN,7606950062750858,SKYLINE ORANGE THUNDER CITRUS DEGREASER ,4
COFFEE BOX,7606950139652914,COFFEE DISPENSER 96Z JOE TO GO 5/CT,5
CR,767745445723200002,WIRE CHAFING STAND 35 in a Case,1
CT9,760695012731140075,SUNSET 12PK 9I HVY CLEAR TONGS ,72
CTW3,760695029091140352,SPOON TASTER SUNSE - Sunset Brands 3000/case ,3000
DFP,016194048212180048,PACTIV Y6050XH ALUM FULL SIZE DEEP PAN,40
DHP,0161940508750023,ALUM 1/2 DEEP PAN Y6132H,100
DLW626,760695030612071082,SUNSET BRANDS 10/100 CLEAR DOME LIDS 16/20/24Z,1000
DNR662,760695030622071081,SUNSET BRANDS 10/100 CLEAR DOME LIDS 9/12Z ,1000
DPB,762935001611150092,XL DELI BAG W/SADDLE 10X8.5 POUCH 2000CT XLG,2000
E502,6965990050258005,NWSPRNG ELLIPSO PORTION CUP/LID,1000
E503,6965990050358006,CUP PL OVAL CMBOCL 3Z – CUP,500
EMI-REWG5,081391901512070055,YOSHI REWG5 PL WINE GLASS 5.5OZ W/STEM 1 PIECE,240
T-SPOON,7606950035980073,SUNSET BRANDS 1000CT spoon tea MEDium white,1000
EXPRESSNAP,760695026262280110,SUNSET DISPENSER NAPKINS WHITE 6000/CS,6000
EXPRESSNAP-B,760695028172280207,SUNSET DISPENSER NAPKINS BROWN 6000/CS,6000
F6BW,0415942040138878,DART F6BW 1000CT FORKS MEDIUM WEIGHT,1000
FLAGTS,76069501222760205,PLASTIC T-SACKS 1MIL 1/6SIZE BLUETHANKYOU500CS,500
FLOW15,0997093002523027,JUMBO WAX PAPER 15X10-3/4 - 15 X 10 3/4 Interfolded Deli ,12
FLTW15,0997092502523031,INTERFOLDED WAX JUMBO 103/4X15 HEAVY WT FW-15,12
FLURRY,76069502630761309,CUP CARRIERS 8/32 SUN - RD Cruiser Mover 4 Cup Carrier,300
FORK,7606950035680070,SUNSET BRAND 1000CT FORKS MEDIUM WHITE,1000
FORK,7606950035680070,SUNSET BRAND 1000CT FORKS MEDIUM WHITE ,1000
FPL,016194048142180047,PACTIV Y112045 ALUMINUM FULL SIZE COVERS,80
G549,0735258186355388,TBLCVR PL WHITE 54X108 ATLANTIS AEP ,24
GALB,054200480752220020,ELITE BLEACH 4/1GAL 4 in a Case,4
GB,0904151523855258,GRILL BRICK - ROYAL GRIDDLE BLOCK PKD 1/12,1
GF,0722888116621590,ROYAL PAPER R811W TOOTHPICK FRILLS REG,10000
GFB,760695030251140376,PL FORKS BLK HVY SB,1000
GFW,760695008081140018,SUNSET POLYSTYRENE 1000CT FORK EXTRA HEAVY WHITE,1000
GKB,760695030241140375,PL KNIVES BLK HVY SB,1000
GKW,76069500809114001,SUNSET BRANDS 1000CT HEAVY WGT KNIFE WHT,1000
GO,7.60695E+15,SKYLINE GLITTER gal OVEN AND GRILL CLEANER ,4
GOA,4.1911E+16,20Z GRIL&OVN CLNR AERO 12 in a Case,12
GSSB,760695030231140374,SUNSET 1000CT BLACK SOUP SPOONS HEAVY WEIGHT,1000
GSSW,760695008101140016,SUNSET POLYSTYRENE 1000CT SPOON SOUP ,1000
GSW,760695008071140017,SUNSET 1000CT TEASPOON HEAVY WHITE ,1000
GWSP10,081391934181170320,XPL SPOON SRV SILV - Glimmerware 10 Serving Spoon RD,144
HF2,0766422010233151,HANDY FUEL FUEL CELL GEL 2HR - STERNO,72
HOT SAUCE,7606950028632563,CHEFS QUALITY HOT SAUCE PC 5.5GM 200CT,200
HOTDOME,094297728152070099,LID DOME LHRDS-16,1000
HOTDOME-BLK,094297728492070152,IP LHRDSB-16 12/16/20 DOME LID BLACK ,1000
HOTDOME-BLK,094297728492070152,IP LHRDSB-16 12/16/20 DOME LID BLACK,1000
HOTLID,760695009762070125,QUALITE 1000CT FOLDBACK LID HOT CUP 12/16/20Z,1000
HPL,0161940636350022,PACTIV 1012-30 ALUMINUM COVERS HALF,100
HPL,0161940636350022,PACTIV 1012-30 ALUMINUM COVERS HALF,100
HSOAP,7.60695E+15,SKYLINE SATIN WHITE SATIN HAND SOAP 4 in a Case,4
JB,072627061032300243,BROOM CORN MAID 11in,1
JM,7606950051650871,MOP COTTON #24 - Cut end 24# ,1
JMS,072627065401120195,MOPSTICK 61I 6540 BLUE SCREW-BLK MTL HANDLE,1
JR006,760695018462280094,C-FOLD TOWELS QUALITE 2400/CS,2400
JR125,061328054011180176,TT 1 PLY 80RL,80
JR161,065498019911180127,"TOILET TISSUE 12CT 9"" JRT STYLE 1PLY 1700FT ",12
JR162,065498019921180128,"TOILET TISSUE 12CT 9"" JRT STYLE 2PLY 700 FT ",12
JR481,065498301041180103,METRO PAPER VISTA FACIAL TISS 30X100 ,3000
JR5048,065498017752280030,"TOWELS HARDWOUND BROWN 350 12/CS 8""",12
JR786,078701006021180178,TWL SINGLEFOLD KRAFT,4000
JR944,065498017952280029,TWL HARDWND WHT 12,12
JTOWEL,0370009503233924,BOUNTY BUNDLE 12PK,12
K6BW,0415942040238877,DART 1000CT KNIVES MEDIUM WEIGHT,1000
KETCHUP,013000512152330158,HEINZ KETCHUP PC 750/7GRAM - PC Ketchup 7gr,750
KHB12ASYM,76069501251760218,QUALITE 12Z CONT+LID COMB PAPER SOUP,250
KHB16ASYM,76069501252760219,QUALITE 16Z CONT+LID COMB PAPER SOUP,250
KHB32ASYM,76069501253760220,QUALITE 32Z CONT+LID COMB PAPER SOUP,250
KHB8ASYM,76069501250760217,QUALITE 8OZ CONT+LID COM PAPER SOUP,250
KIDSCUP,0760261158141810,CUP KID DINO PLAST - WNA COMET REUSABLE,250
KNIFE,7606950035780071,SUNSET BRANDS 1000CT knives MEDium white,1000
KNIFE,7606950035780071,SUNSET BRANDS 1000CT knives MEDium white,1000
L1016,7606950060450028,LID FOIL BRD 1LB,1000
L1059,7606950060350085,FOIL BOARD LID 2.25 LB OBLONG,500
L32C,760695030642071080,SUNSET BRANDS 10/50 CLEAR SLOT LIDS 32Z 10 in a Case,500
L570,7606950060050081,"FOIL BOARD LIDS 7"" ROUND 500CT ",500
L580,7606950060150082,"SUNSET FOIL BOARD LID 8"" ROUND ",500
L590,7606950060250083,SUNSET FOIL BOARD LID 9INCH,500
LATEX-XL,760695011541920010,SUNSET - SMOOTH TOUCH GLOVES LATEX EXTRA LARGE,1000
LATEXL,760695011531920006,SUNSET - SMOOTH TOUCH GLOVES LATEX LARGE,1000
LATEXM,760695011521920007,SUNSET - SMOOTH TOUCH GLOVES LATEX MEDIUM,1000
LATEXPF-XL,760695017421120163,SUNSET - SMOOTHTOUCH LATEX PF GLOVES XLRG ,1000
LATEXPFL,760695017411120162,SUNSET - SMOOTHTOUCH LATEX PF GLOVES LARGE,1000
LATEXPFM,760695017401120161,SUNSET - SMOOTHTOUCH MED LATEX POWDER FREE GLV,1000
LATEXS,760695011511920011,SUNSET - SMMOTH TOUCH GLOVES LATEX SMALL,1000
LGC,7.60695E+15,SKYLINE WINDOW MAGIC WINDOW cleaner,4
LL726,061666550012280228,GUEST TOWEL NU-LIN 1/6FLD 12 in a Case,500
LMS,0480113512655269,SCOTCH BRITE 84CC 12CT STAINLESS STEEL SCRUBBER,72
M4015-NB,0415942706011174,"40""X150 TABLE COVER ROLL NAVY BLUE",4
MAGICO,7.60695E+15,SKYLINE PREMIUM GAL PINK SUDS dish detergent,4
MAR ,7219700022953120,FISCHER PAPER SANDWICH BAG 6X.75X6.5 1M,6000
MCP5002,065498050021180102,METRO PAPER 2PLY CENTER PULL TOWLS 500CT,6
MEDSHOP,76069501226760201,PLASTIC T-SACKS 14MIC 1/8SIZE RED THANKYOU750CS,750
MFP,016194050222180049,PACTIV Y6120XH ALUMINUM PAN FULL MED DP,40
MHP,0161940509750024,PACTIV 6112H ALUM 1/2 SIZE MEDIUM PAN ,100
MITT,7606950159462000,"OVEN MITTS 17IN 1CT OVEN MITTS 17"" ",2
MIXERS,760695024131140268,STIRRER BAR 5I SOL ,10000
MIXERS-7,760695024141140267,SUNSET BAR STIRRERS RED 7I SOLID ,10000
MK541,760695008741140046,WRAPPED CUTLERY 4 PIECE FORK/KNIFE/TSPOON/NAPKIN,250
MK84-B,760695018551140186,SUNSET 6-PIECE 250CT BLACK HVY DUTY CUTLERY KT,250
MK84-B,760695018551140186,SUNSET 6-PIECE 250CT BLACK HVY DUTY CUTLERY KT,250
MP6WSLVR,081391934271170118,EMI YOSHI 6IN PL PLATE WHT-SLVR ,120
MP9WSLVR,081391934291170419,PLTE 9IN WHT-SLVR - Glimmerware 9 Buffet Plate,120
MTOOTH,0722881108355284,TOOTHPICK MINT WRAPPED 15/1000 ,15000
MXL10,0997093001523025,INTERFOLDED WAX PAPER 10X10-3/4 SENIOR - 10 x 10 ¾,12
MXL12,0997093002023026,INTERFOLDED WAX PAPER 12X10-3/4 MASTER - 12 x 10 3/4 ,12
MXL6,0997091002523028,6X10-3/4 TISSUE PAC BAKERY TISSUE,12
MXL8,0997093001023024,JUNIOR WAX PAPER 8X10-3/4 - 8 x 10 ¾,12
NITRILE-X BLK,76069503112900330,GLV NITR PL XL BLU ANTIM 10 in a Case,1000
NSP,0480112050155166,SCOUR PAD SCOURING PAD MEDIUM DUTY,6
NTS,760695011431140136,QUALITE PIZZA STACKS 1000/CS,1000
P-16,041594442692071053,CUP TRANS 16Z,1000
P1046,7606950084550027,DOME LID SUNSET ALUM OBLONG CONT 1LB,1000
P1059,7606950084650031,OBLONG DOME FOR 2061/2062 - Handi- foil HFA,500
P16,04447413269760684,PLACON RD16C 50CT DELI CONTAINER 16Z CLEAR,500
P32,04447413272760686,PLACON RD32C 50CT DELI CONTAINER 32Z CLEAR,500
P400,760695025172280145,SUNSET 2517 QUARTERFOLD NAPKIN 12X12,6000
P4412,0161949061252964,"PACTIV P4412 12"" PLASTIC CATER DOME",50
P4416,0161949060652968,"PACTIV P4416 16"" PLASTIC CATER DOME",50
P471,7427671241734302,DOME LID LD17 FOR 4LB ALUM PAN ,250
P500,0654982040059380,NAP JR LOFOLD NAPKIN JR LOFOLD 8000CT ,8000
P570,7606950084234300,Sunset 2047DL 500CT 7IN LID DOME for Aluminum Pan,500
P580,7606950084350043,SUNSET 500ct 8IN LID DOME for Aluminum Pan,500
P590,7606950084434295,KARI OUT DOME LID 9IN - LID DOME 9I PAN,500
P8,04447413265760685,PLACON DELI CONTAINER 8Z CLEAR R,500
P9812,0161949976659354,LID DOME P9812 1 CT,50
P9816,0161940683859355,LID DOME P9816 1 C T,50
P9818,0161949983359356,"PACTIV P9818 SMARTLOCK 18"" DOME FOR PLASTIC TRAY",50
PAN,0641446311152703,PAM SAUTE & GRILL SPRAY 17Z - Saut??/Grill Spray 6,6
PET12BCD,04159478263761550,DART PET12BCD 252CT 12Z BOWL PLASTIC COMBO ,252
PET16BCD,04159478271761551,DART PET16BCD 252CT 16Z BOWL PLASTIC COMBO,252
PET24BCD,04159478267761552,DART PET24BCD 252CT 24Z BOWL PLASTIC COMBO,126
PET32BCD,04159478269761553,DART PET32BCD 252CT 32Z BOWL PLASTIC COMBO,126
PET8BCD,04159478261761549,DART PET8BCD 252CT 8Z BOWL PLASTIC COMBO,252
PL,02807610002761370,E HOFFMAN PLASTICS LIDS CONTAINER DELI,500
PL1N,041594082592660159,LID PL SOUF 1Z PL100N 20 in a Case,2500
PL4N,041165223452070770,LID PL SOUF 3/4/5 20/125 - dart ,2500
PLASTICG,76069501838900107,SUNSET POLY GLOVES LARGE 10/500CS LARGE,5000
PLMTBE10X14,033814160752660088,PLACEMAT BEIGE 1000CT ,1000
PLMTBU10X14,033814161052660094,PLACEMAT BURGUNDY 1M CT,1000
PLMTG10X14,033814163852660098,SANFACON PLACEMAT HUNTER GREEN,1000
PLMTI10X14,033814164852660102,PLACEMAT NEW ITALY 1000CT,1000
PLMTW10X14,033814161702660089,PLACEMAT WHITE 1M CT,1000
PTF,721970003521160073,BAG FOIL PINT 1000CT - Bag Carry Out Foil Lined Printed PINT,1000
QTF,721970003601160075,BAG FOIL 1/2 GAL 500 CT,500
R49LINER,7606950203359659,SUNSET BAKERY PAN LINERS,1000
R803,072288121142700003,ZZPIK BAMB 4I KNOT R803 - 4 BAMBOO KNOT PICK ,1000
RC32,018291810502680092,105-2PT GUESTCHECK W/CARB,50
RC36,0182918210050703,CHECKS GR 210 10M CT,100
RC37,0182918526050725,526 1PT GUESTCHECK BOARD,50
RCDK20-E,760695025772070815,SUNSET COFEE CUP JAVA JAC ECO-CUP SLEEVES 400PC,400
RE-16,6965998168152155,NEWSPRING 16Z BLK COMBO NC-8168-B W/LID 150CT,150
RE-24,6965990838153182,NEWSPRING VERSATAINER MCRW CONT/LID BLK 150CT,150
RE-28,6965990868153175,MICROWAVEABLE W/LID 150CT CONTAINER 28Z BLACK 150C,150
RE-33,6965990333158147,NEWSPRING 32Z BLK COMBO NC 333B W/LID 150CT,150
RE-38,6965990888153094,MICROWAVEABLE W/LID 150CT CONTAINER 38Z BLACK,150
RE0006,081391914071170330,EMI-REP6W-50 YOSHI PLATE 6I HVY WHITE,200
RE0007WH,081391914081170331,"YOSHI 7"" WHITE REP7W-50 WHITE SALAD PLATE 50PK",200
RE0009,081391914091170332,EMI-REP9W-50 YOSHI WHITE 9I DINNER PLATE ,200
RE0010,081391914101170333,"EMI-REP10W-50 10"" WAVE 10I WHITE PLATE",200
REFC5,074506505152070383,CHAMPAGNE 5Z FLUTE PTS-5-X ,120
REP9-CL,081391904061170329,EMI-YCW9C-50 YOSHI PLATE 9I ,200
RO-16,6965990718153274,NEWSPRING 16Z BLK COMBO NC 718B W/LID 150CT,150
RO-24,6965990723053086,MICROWAVEABLE W/LID 250CT CONTAINER 7I ROUND WHITE ,150
RO-48,6965990948153272,NEWSPRING NC-948-B MCRW CONT/LID BLACK,150
RU2008,760695022442300202,BROOM LOBBY ANGLE SKYLIN,1
RWV,0000005529555295,RED/WHITE TWINE 25 ROLLS - BAKERY TWINE RED/WHITE,1
S-SPOON,7606950035880072,SUNSET BRANDS 1000CT SPOON SOUP MEDIUM WHITE,1000
S6BW,0415942040038875,DART 1000CT S6BW SPOONS MEDIUM WEIGHT,1000
S740C,0480112050555165,SPONGE SPONGE GREEN/YELLOW 10CT,10
SANDWICH,760695031741150221,SANDWICH BAG SUNSET,2000
SFP,01619405020760616,PACTIV Y6110XH FULL SIZE SHALLOW PAN,40
SHP,0161940513350025,PACTIV 6012XH PAN ALUM 1/2 SIZE SHALLOW,100
SHP,0161940513350025,PACTIV 6012XH PAN ALUM 1/2 SIZE SHALLOW,100
SIP-7,760695017941140145,STIRRER BAR 8I RED – STRAW,5000
SIPS,760695017931140144,"QUALITE BAR STIRRERS RED 5"" 10/1000 ",10000
SIPS-BLK,760695017881140146,STIRRER BAR 5I BLK 1M CT 10 in a Case,10000
SOS,760695030123090005,BAG SHP BR 13X7X17,250
SOSJ,760695030143090007,BAG SHP BR 18X7X18,200
SPARKLE,760695025842230102,SKYLINE DAZZLE GREEN DISH 4/1 GAL ,4
SPARKLE5,760695028382230129,SKYLINE DAZZLE GREEN DISH 5 GAL ,1
SPLASH,7606950061450992,SKYLINE SPLASH POT & PAN PINK DISH DETERGENT GAL,4
SPRAYERS,760695004521120008,SPRAY BOTTLE 32OZ SET** WITH TRIGGER,1
SRW32,76069502887761493,SUNSET BRANDS 150/150 32Z SALAD BOLW COMBO,150
SRW48,76069502888761494,SUNSET BRANDS 48Z SALAD BOWL COMBO,150
SSC,048011592491120132,3M STAINSTEEL CLEAN& PO 10Z,12
ST9,081391904131170323,EMI-ST9-52 CLEAR SQUARE 9OZ TUMBLER,168
SU6BW,0415942040338879,DART 1000CT SOUP SPOON MED WEIGHT,1000
SWELLAERO,041911000502200018,GLASS CLEANER AERO 12 in a Case,12
SYNPFL,760695011611920000,SUNSET --QUALITE GLOVES SYNTHETIC LARGE,1000
10PG,074506110602071016,10I TALL TUMBLER 100CT 4 in a Case,400
T-SPOON,7606950035980073,SUNSET BRANDS 1000CT spoon tea MEDium white,1000
T45,7.60695E+15,20x17x48 50CT ROLL LINERS 48i 40 GAL - liner 44 gal black HD,100
T7T,074506569072071013,WNA 7I TUMBLER 4/100 CT PLASTIC 4 in a Case,400
TC30,7.60695E+15,#242 LINERS 33X39 32 GAL 100CT - liner 32 gal black HD,100
TD24,760695030562071075,SUNSET BRANDS 12/50 CLEAR CUPS 24Z 12 in a Case,600
TEALIGHT,85379100399900157,CANDLE TEALIGHT 500PK ,500
THERMAL3,0182910732359465,"7313SP THERMAL ROLL 3.13""W X 200 ",30
TIES,04341305015900007,TWIST TIES 4I GRN 2000CT,2000
TOWEL,061328016562280225,WHITE SWAN 30/CASE ROLL KITCHNTWL 2PLY 80SHT,30
TP10D,760695030522071071,SUNSET BRANDS 20/50 CLEAR CUPS 10 OZ 20 in a Case,1000
TP12,760695030532071072,SUNSET BRANDS CLEAR CUPS 12 OZ 20 in a Case,1000
TP16D,760695030542071073,SUNSET BRANDS 20/50 CLEAR CUPS 16 OZ 20 in a Case,1000
TP20,760695030552071074,SUNSET BRANDS 12/50 CLEAR CUPS 20 OZ 12 in a Case,600
TP9R,760695030512071070,SUNSET BRANDS 20/50 CLEAR CUPS 9 OZ 20 in a Case,1000
TRIMKR,760695030103090002,BAG SHP BR 10X5X13,250
UBLOCK,760695004551120002,SKYLINE URINAL BLOCK/SCREEN 3Z 3Z,12
US,760695004561120001,SKYLINE URINAL SCREEN 3Z 3Z SKY ,12
V12C,69659952512760702,MICROWAVABLE W/LID 240CT DELI CONTAINER CLEAR 12Z,240
V16C,69659941054760700,ZZCONT DELI CLR YD2516 - Deli 16oz Natural Combo 240/240,240
V32C,69659952532760699,MICROWAVABLE W/LID 240CT DELI CONTAINER CLEAR 32Z,240
V8NC,69659952508760701,MICROWAVABLE W/LID 240CT DELI CONTAINER CLEAR 8Z,240
VINYLL,760695011571920004,SUNSET LARGE VINYL POWDER GLOVES,1000
VINYLM,760695011561920003,SUNSET VINYL POWD GLOVE MD 100CT,1000
VINYLPFL,760695017331120154,SUNSET - POWDER FREE LARGE VINYL GLOVE,1000
VINYLPFL-B,76069502276900146,ZZGLOVE NTL LG PFB,1000
VINYLPFM,760695017321120153,SUNSET - POWDER FREE MEDIUM VINYL GLOVES ,1000
VINYLS,760695011551920005,SUNSET - SMOOTH TOUCH GLOVES VINYL SMALL,1000
VINYLX,760695011581920002,SUNSET XLARGE VINYL POWDER GLOVE,1000
WETNAP,7606950065050972,SUNSET BRAND WETNAPS MOIST TOWELETTES 5X7,1000
WETNAPXL,033814308742280190,TOWELLETTES MOIST LARGE WETNAPS 8 1/2 X 11,500
WP9W,081391933883110068,PLTE SQ 9.5I WHITE 16 in a Case,160
WST7,0722881169754203,ROYAL #R825 WOOD 7.5I STIRRERS ,5000
Y10,041594442222071050,CUP TRANS 10Z,2500
Y12S,041594442272071051,CUP TRANS 12Z,1000
Y14,041594442292071052,CUP TRANS 14Z 14N 50CT,1000
Y14,041594442292071052,CUP TRANS 14Z 14N 50CT,1000
Y5,041594442072071047,CUP TRANS 5Z,2500
Y7,041594442142071048,CUP TRANS 7Z,2500
Y9,041594442172071049,CUP TRANS 9Z,2500
ZIPLOCK,760695031711150218,1 GAL STORAGE SUNSET,250